{
    "activate_air_filtration": [
        "0"
    ],
    "activate_chamber_temp_control": [
        "0"
    ],
    "additional_cooling_fan_speed": [
        "70"
    ],
    "chamber_temperature": [
        "0"
    ],
    "close_fan_the_first_x_layers": [
        "3"
    ],
    "compatible_printers": [
        "Prusa MK4 0.4 nozzle"
    ],
    "compatible_printers_condition": "",
    "compatible_prints": [],
    "compatible_prints_condition": "",
    "complete_print_exhaust_fan_speed": [
        "80"
    ],
    "cool_plate_temp": [
        "35"
    ],
    "cool_plate_temp_initial_layer": [
        "35"
    ],
    "default_filament_colour": [
        ""
    ],
    "during_print_exhaust_fan_speed": [
        "60"
    ],
    "enable_overhang_bridge_fan": [
        "1"
    ],
    "enable_pressure_advance": [
        "0"
    ],
    "eng_plate_temp": [
        "0"
    ],
    "eng_plate_temp_initial_layer": [
        "0"
    ],
    "fan_cooling_layer_time": [
        "100"
    ],
    "fan_max_speed": [
        "100"
    ],
    "fan_min_speed": [
        "100"
    ],
    "filament_cooling_final_speed": [
        "3.4"
    ],
    "filament_cooling_initial_speed": [
        "2.2"
    ],
    "filament_cooling_moves": [
        "4"
    ],
    "filament_cost": [
        "0"
    ],
    "filament_density": [
        "0.82"
    ],
    "filament_deretraction_speed": [
        "nil"
    ],
    "filament_diameter": [
        "1.75"
    ],
    "filament_end_gcode": [
        "; filament end gcode \n"
    ],
    "filament_flow_ratio": [
        "0.95"
    ],
    "filament_id": "P3dc2b0e",
    "filament_is_support": [
        "0"
    ],
    "filament_load_time": [
        "0"
    ],
    "filament_loading_speed": [
        "28"
    ],
    "filament_loading_speed_start": [
        "3"
    ],
    "filament_max_volumetric_speed": [
        "8"
    ],
    "filament_minimal_purge_on_wipe_tower": [
        "15"
    ],
    "filament_multitool_ramming": [
        "0"
    ],
    "filament_multitool_ramming_flow": [
        "10"
    ],
    "filament_multitool_ramming_volume": [
        "10"
    ],
    "filament_notes": [
        ""
    ],
    "filament_ramming_parameters": [
        "120 100 6.6 6.8 7.2 7.6 7.9 8.2 8.7 9.4 9.9 10.0| 0.05 6.6 0.45 6.8 0.95 7.8 1.45 8.3 1.95 9.7 2.45 10 2.95 7.6 3.45 7.6 3.95 7.6 4.45 7.6 4.95 7.6"
    ],
    "filament_retract_before_wipe": [
        "nil"
    ],
    "filament_retract_lift_above": [
        "nil"
    ],
    "filament_retract_lift_below": [
        "nil"
    ],
    "filament_retract_lift_enforce": [
        "nil"
    ],
    "filament_retract_restart_extra": [
        "nil"
    ],
    "filament_retract_when_changing_layer": [
        "nil"
    ],
    "filament_retraction_length": [
        "2"
    ],
    "filament_retraction_minimum_travel": [
        "nil"
    ],
    "filament_retraction_speed": [
        "nil"
    ],
    "filament_settings_id": [
        "OVERTURE PLA AIR @Prusa MK4 0.4 nozzle"
    ],
    "filament_shrink": [
        "100%"
    ],
    "filament_soluble": [
        "0"
    ],
    "filament_start_gcode": [
        "; filament start gcode\nM900 K{if nozzle_diameter[0]==0.4}0.026{elsif nozzle_diameter[0]==0.25}0.14{elsif nozzle_diameter[0]==0.3}0.07{elsif nozzle_diameter[0]==0.35}0.06{elsif nozzle_diameter[0]==0.6}0.03{elsif nozzle_diameter[0]==0.5}0.035{elsif nozzle_diameter[0]==0.8}0.015{else}0{endif} ; Filament gcode\n\n{if printer_notes=~/.*PRINTER_MODEL_MK4IS.*/}\nM572 S{if nozzle_diameter[0]==0.4}0.026{elsif nozzle_diameter[0]==0.5}0.025{elsif nozzle_diameter[0]==0.6}0.02{elsif nozzle_diameter[0]==0.8}0.014{elsif nozzle_diameter[0]==0.25}0.12{elsif nozzle_diameter[0]==0.3}0.08{else}0{endif} ; Filament gcode\n{endif}\n\nM142 S36 ; set heatbreak target temp"
    ],
    "filament_toolchange_delay": [
        "0"
    ],
    "filament_type": [
        "PLA"
    ],
    "filament_unload_time": [
        "0"
    ],
    "filament_unloading_speed": [
        "90"
    ],
    "filament_unloading_speed_start": [
        "100"
    ],
    "filament_vendor": [
        "OVERTURE"
    ],
    "filament_wipe": [
        "nil"
    ],
    "filament_wipe_distance": [
        "nil"
    ],
    "filament_z_hop": [
        "nil"
    ],
    "filament_z_hop_types": [
        "nil"
    ],
    "from": "User",
    "full_fan_speed_layer": [
        "0"
    ],
    "hot_plate_temp": [
        "55"
    ],
    "hot_plate_temp_initial_layer": [
        "55"
    ],
    "inherits": "",
    "is_custom_defined": "0",
    "name": "OVERTURE PLA AIR @Prusa MK4 0.4 nozzle",
    "nozzle_temperature": [
        "210"
    ],
    "nozzle_temperature_initial_layer": [
        "210"
    ],
    "nozzle_temperature_range_high": [
        "210"
    ],
    "nozzle_temperature_range_low": [
        "190"
    ],
    "overhang_fan_speed": [
        "100"
    ],
    "overhang_fan_threshold": [
        "95%"
    ],
    "pressure_advance": [
        "0.02"
    ],
    "reduce_fan_stop_start_freq": [
        "1"
    ],
    "required_nozzle_HRC": [
        "0"
    ],
    "slow_down_for_layer_cooling": [
        "1"
    ],
    "slow_down_layer_time": [
        "9"
    ],
    "slow_down_min_speed": [
        "10"
    ],
    "support_material_interface_fan_speed": [
        "-1"
    ],
    "temperature_vitrification": [
        "60"
    ],
    "textured_plate_temp": [
        "45"
    ],
    "textured_plate_temp_initial_layer": [
        "45"
    ],
    "version": "2.0.1.0"
}
